Method,Precision,Recall,F1-Score,Accuracy
PID,0.11825726141078838,0.991304347826087,0.211306765523633,0.149
Rule-based LSTM,0.25219298245614036,1.0,0.4028021015761821,0.659
Monte Carlo,0.1662870159453303,0.6347826086956522,0.26353790613718414,0.592
Bayesian Network,0.6140350877192983,0.9130434782608695,0.7342657342657343,0.924
